PIPE_DATASET_EXTRACTION,PIPE_DTREEVIZ,PIPE_IMPORTANT_FEATURES,PIPE_InterpretMEKG_SEMANTIFICATION,PIPE_InterpretMEKG_UPLOAD_VIRTUOSO,PIPE_LIME,PIPE_OUTPUT,PIPE_PREPROCESSING,PIPE_SAMPLING,PIPE_SURVSHAP,PIPE_TRAIN_MODEL,join
0.003167867660522461,1.1307709217071533,0.2848989963531494,4.36056113243103,14.61404299736023,3.047574996948242,0.012384891510009766,0.015064001083374023,0.024976730346679688,0.0,2.5706868171691895,0.0
0.002959728240966797,1.0834319591522217,0.28523898124694824,4.680322170257568,15.268435001373291,3.660449981689453,0.01237797737121582,0.016630887985229492,0.026112079620361328,0.0,1.9594998359680176,0.0
0.003371000289916992,128.99785590171814,6.848575830459595,0.0,0.4217948913574219,0.002482175827026367,9.5367431640625e-07,112.27664875984192,0.0
0.0024192333221435547,127.15894889831543,6.695209264755249,0.0,0.4138021469116211,0.0026307106018066406,9.5367431640625e-07,110.43390989303589,0.0
0.0025811195373535156,132.05259895324707,6.914093732833862,0.0,0.4194509983062744,0.0023500919342041016,0.0,114.68071913719177,0.0
0.0024230480194091797,131.5030038356781,6.929348945617676,0.0,0.4252150058746338,0.0026078224182128906,9.5367431640625e-07,115.21638894081116,0.0
0.0023169517517089844,79.83545994758606,6.887104034423828,0.0,0.41449809074401855,0.002309083938598633,9.5367431640625e-07,62.75143027305603,0.0
0.002492189407348633,78.96577501296997,7.346569061279297,0.0,0.41465187072753906,0.0021102428436279297,1.1920928955078125e-06,63.211386919021606,0.0
0.00234222412109375,132.31614208221436,6.747143030166626,0.0,0.4275014400482178,0.002986907958984375,9.5367431640625e-07,115.21508693695068,0.0
0.003202199935913086,130.65987873077393,7.124938011169434,0.0,0.4191408157348633,0.006871700286865234,7.152557373046875e-07,112.5225191116333,0.0
0.0027761459350585938,77.26257514953613,6.865336656570435,0.0,0.42818784713745117,0.0030472278594970703,0.0,62.00271797180176,0.0
0.0027358531951904297,127.45240998268127,6.716364145278931,0.0,0.41464781761169434,0.0030202865600585938,2.1457672119140625e-06,111.20060896873474,0.0
0.0022318363189697266,76.40904593467712,6.849715948104858,0.0,0.4065210819244385,0.0027577877044677734,9.5367431640625e-07,61.97118806838989,0.0
0.0027551651000976562,79.0814220905304,6.988329172134399,0.0,0.40927648544311523,0.002376079559326172,7.152557373046875e-07,62.708155155181885,0.0
0.0022809505462646484,78.41102814674377,7.1344709396362305,0.0,0.4055335521697998,0.0023376941680908203,9.5367431640625e-07,63.01133608818054,0.0
0.002613067626953125,77.43760323524475,6.973001003265381,0.0,0.40572500228881836,0.002502918243408203,0.0,61.88784575462341,0.0
0.0022420883178710938,127.06055498123169,6.614928960800171,0.0,0.4147801399230957,0.003000020980834961,0.0,110.65071415901184,0.0
0.0020868778228759766,131.23590111732483,7.049081087112427,0.0,0.4225578308105469,0.002567291259765625,0.0,113.98963975906372,0.0
0.0024089813232421875,127.92710995674133,6.80923318862915,0.0,0.41843295097351074,0.0022399425506591797,0.0,111.90543723106384,0.0
0.0025191307067871094,128.45475316047668,6.796940803527832,0.0,0.4214601516723633,0.002124309539794922,1.1920928955078125e-06,112.68316507339478,0.0
0.002518177032470703,131.86710715293884,6.869176626205444,0.0,0.42610907554626465,0.002466917037963867,9.5367431640625e-07,114.96997308731079,0.0
0.0023491382598876953,127.86849164962769,6.8293938636779785,0.0,0.4156012535095215,0.0020339488983154297,9.5367431640625e-07,111.91578483581543,0.0
0.0023517608642578125,128.4400691986084,6.837181091308594,0.0,0.4188649654388428,0.002322673797607422,9.5367431640625e-07,112.64244318008423,0.0
0.002710103988647461,76.26734375953674,6.709150075912476,0.0,0.415377140045166,0.002301931381225586,9.5367431640625e-07,61.6946382522583,0.0
0.002917766571044922,76.83238315582275,6.735151290893555,0.0,0.40392518043518066,0.002471923828125,0.0,61.043891191482544,0.0
0.002323150634765625,122.43607592582703,6.81779408454895,0.0,0.41422080993652344,0.002694845199584961,9.5367431640625e-07,107.43796110153198,0.0
0.0026030540466308594,77.57760214805603,6.9753241539001465,0.0,0.42658376693725586,0.0032193660736083984,9.5367431640625e-07,61.18810772895813,0.0
