index,features,weights,run_id,tool
202,age_80.0 <= 0.00,-0.730220577189589,1699916954412,LIME
202,age_82.0 <= 0.00,-0.7148273788111996,1699916954412,LIME
202,age_59.0 <= 0.00,-0.7031531283975495,1699916954412,LIME
202,age_95.0 <= 0.00,-0.6901185402808204,1699916954412,LIME
202,age_48.0 <= 0.00,-0.6535951562103826,1699916954412,LIME
202,age_75.0 <= 0.00,0.005582791847932284,1699916954412,LIME
202,age_72.0 <= 0.00,0.0007741188500297891,1699916954412,LIME
202,smoking_1 <= 0.00,-0.0005873534366312322,1699916954412,LIME
202,0.00 < sex_0 <= 1.00,0.00019330760863394433,1699916954412,LIME
202,anaemia_1 <= 0.00,-2.741559756330744e-05,1699916954412,LIME
114,age_80.0 <= 0.00,-0.7082632072073728,1699916954412,LIME
114,age_48.0 <= 0.00,-0.7025269528396196,1699916954412,LIME
114,age_82.0 <= 0.00,-0.696394956319067,1699916954412,LIME
114,age_95.0 <= 0.00,-0.681461159118283,1699916954412,LIME
114,age_59.0 <= 0.00,-0.6716425289955928,1699916954412,LIME
114,age_75.0 <= 0.00,-0.002752171762163965,1699916954412,LIME
114,0.00 < anaemia_1 <= 1.00,-0.0016516800187874664,1699916954412,LIME
114,age_72.0 <= 0.00,-0.0012398215916431894,1699916954412,LIME
114,smoking_1 <= 0.00,0.0007059510058666321,1699916954412,LIME
114,0.00 < sex_0 <= 1.00,0.00035463492400402433,1699916954412,LIME
164,age_82.0 <= 0.00,-0.7307452649235063,1699916954412,LIME
164,age_80.0 <= 0.00,-0.7271261543825831,1699916954412,LIME
164,age_59.0 <= 0.00,-0.725642128491823,1699916954412,LIME
164,age_95.0 <= 0.00,-0.7103970626406096,1699916954412,LIME
164,age_48.0 <= 0.00,-0.6612711921691208,1699916954412,LIME
164,age_72.0 <= 0.00,0.004893794203506807,1699916954412,LIME
164,age_75.0 <= 0.00,0.000908703220402468,1699916954412,LIME
164,anaemia_1 <= 0.00,-0.0005378629362244235,1699916954412,LIME
164,smoking_1 <= 0.00,0.00010716700051425923,1699916954412,LIME
164,0.00 < sex_0 <= 1.00,4.875042114943156e-05,1699916954412,LIME
277,age_80.0 <= 0.00,-0.7146549332502559,1699916954412,LIME
277,age_95.0 <= 0.00,-0.708348910284191,1699916954412,LIME
277,age_82.0 <= 0.00,-0.7004332333070262,1699916954412,LIME
277,age_59.0 <= 0.00,-0.6870695622192516,1699916954412,LIME
277,age_48.0 <= 0.00,-0.6802212428279775,1699916954412,LIME
277,age_72.0 <= 0.00,0.007603073613952855,1699916954412,LIME
277,age_75.0 <= 0.00,-0.0006200216998237912,1699916954412,LIME
277,anaemia_1 <= 0.00,0.0004531298871296503,1699916954412,LIME
277,0.00 < sex_0 <= 1.00,0.00020757978292794874,1699916954412,LIME
277,smoking_1 <= 0.00,2.4615801290528437e-05,1699916954412,LIME
292,age_80.0 <= 0.00,-0.7400084387004957,1699916954412,LIME
292,age_82.0 <= 0.00,-0.7319283380679256,1699916954412,LIME
292,age_59.0 <= 0.00,-0.7277677916501583,1699916954412,LIME
292,age_95.0 <= 0.00,-0.6834254752265196,1699916954412,LIME
292,age_48.0 <= 0.00,-0.6792380324733309,1699916954412,LIME
292,age_72.0 <= 0.00,-0.0004329108931840279,1699916954412,LIME
292,age_75.0 <= 0.00,-0.00013806048256972497,1699916954412,LIME
292,anaemia_1 <= 0.00,0.00012011983998673564,1699916954412,LIME
292,0.00 < smoking_1 <= 1.00,-5.421241208101596e-05,1699916954412,LIME
292,0.00 < sex_0 <= 1.00,1.952583703135379e-06,1699916954412,LIME
266,age_80.0 <= 0.00,-0.7358515419561329,1699916954412,LIME
266,age_82.0 <= 0.00,-0.7118282871220983,1699916954412,LIME
266,age_59.0 <= 0.00,-0.702172781922521,1699916954412,LIME
266,age_48.0 <= 0.00,-0.6969319594140634,1699916954412,LIME
266,age_95.0 <= 0.00,-0.6829751251142976,1699916954412,LIME
266,age_72.0 <= 0.00,0.00031204341614503154,1699916954412,LIME
266,0.00 < sex_0 <= 1.00,0.0002526085918585284,1699916954412,LIME
266,anaemia_1 <= 0.00,-0.00015336465954254898,1699916954412,LIME
266,0.00 < smoking_1 <= 1.00,7.62432840744433e-05,1699916954412,LIME
266,age_75.0 <= 0.00,6.457881340022271e-05,1699916954412,LIME
11,age_80.0 <= 0.00,-0.7211205487552628,1699916954412,LIME
11,age_48.0 <= 0.00,-0.7026563256891235,1699916954412,LIME
11,age_82.0 <= 0.00,-0.6968458798614304,1699916954412,LIME
11,age_59.0 <= 0.00,-0.6702772383191283,1699916954412,LIME
11,age_95.0 <= 0.00,-0.5925265895942081,1699916954412,LIME
11,0.00 < smoking_1 <= 1.00,-0.002498143768106604,1699916954412,LIME
11,age_72.0 <= 0.00,-0.0024064290031694333,1699916954412,LIME
11,age_75.0 <= 0.00,-0.001247852449814828,1699916954412,LIME
11,anaemia_1 <= 0.00,0.0011465284181123437,1699916954412,LIME
11,0.00 < sex_0 <= 1.00,0.00022788304191608683,1699916954412,LIME
171,age_59.0 <= 0.00,-0.7247017353313485,1699916954412,LIME
171,age_80.0 <= 0.00,-0.7186182160955296,1699916954412,LIME
171,age_48.0 <= 0.00,-0.7070225518567078,1699916954412,LIME
171,age_82.0 <= 0.00,-0.6950568705078076,1699916954412,LIME
171,age_95.0 <= 0.00,-0.6916039003705605,1699916954412,LIME
171,age_75.0 <= 0.00,-0.0014969534368974402,1699916954412,LIME
171,0.00 < sex_0 <= 1.00,-0.0007821831016521688,1699916954412,LIME
171,anaemia_1 <= 0.00,0.0005760464049906044,1699916954412,LIME
171,age_72.0 <= 0.00,-0.0005343303700081569,1699916954412,LIME
171,0.00 < smoking_1 <= 1.00,-2.4912499303344812e-05,1699916954412,LIME
238,age_82.0 <= 0.00,-0.7192104434485412,1699916954412,LIME
238,age_80.0 <= 0.00,-0.7152982779317331,1699916954412,LIME
238,age_48.0 <= 0.00,-0.7067333692727391,1699916954412,LIME
238,age_59.0 <= 0.00,-0.7054160561812486,1699916954412,LIME
238,age_95.0 <= 0.00,-0.5929523700179271,1699916954412,LIME
238,sex_0 <= 0.00,-0.00044594351675108,1699916954412,LIME
238,0.00 < anaemia_1 <= 1.00,0.0003968552547569909,1699916954412,LIME
238,age_75.0 <= 0.00,-0.0003441204811944861,1699916954412,LIME
238,age_72.0 <= 0.00,-0.00032241297431149206,1699916954412,LIME
238,smoking_1 <= 0.00,8.306323729899672e-05,1699916954412,LIME
263,age_59.0 <= 0.00,-0.7244658830943814,1699916954412,LIME
263,age_80.0 <= 0.00,-0.7205268441196649,1699916954412,LIME
263,age_82.0 <= 0.00,-0.717172714610959,1699916954412,LIME
263,age_48.0 <= 0.00,-0.7064404061930066,1699916954412,LIME
263,age_95.0 <= 0.00,-0.6871959533354162,1699916954412,LIME
263,age_75.0 <= 0.00,0.002513716076479796,1699916954412,LIME
263,age_72.0 <= 0.00,-0.0008103831480116251,1699916954412,LIME
263,sex_0 <= 0.00,-0.00025855647083980633,1699916954412,LIME
263,0.00 < anaemia_1 <= 1.00,-5.530001783109887e-05,1699916954412,LIME
263,smoking_1 <= 0.00,1.9517075296357043e-05,1699916954412,LIME
210,age_80.0 <= 0.00,-0.7241425887897449,1699916954412,LIME
210,age_59.0 <= 0.00,-0.7237182464746675,1699916954412,LIME
210,age_95.0 <= 0.00,-0.6947981876948911,1699916954412,LIME
210,age_48.0 <= 0.00,-0.6673673841757217,1699916954412,LIME
210,age_82.0 <= 0.00,-0.6469439422144306,1699916954412,LIME
210,age_72.0 <= 0.00,0.0012323510884603443,1699916954412,LIME
210,age_75.0 <= 0.00,-0.0010565056497673319,1699916954412,LIME
210,anaemia_1 <= 0.00,0.00017003676486614789,1699916954412,LIME
210,0.00 < smoking_1 <= 1.00,1.1506545673923347e-05,1699916954412,LIME
210,0.00 < sex_0 <= 1.00,5.391337893916085e-07,1699916954412,LIME
216,age_80.0 <= 0.00,-0.7290895159556987,1699916954412,LIME
216,age_48.0 <= 0.00,-0.7075607553627057,1699916954412,LIME
216,age_59.0 <= 0.00,-0.7006579179314333,1699916954412,LIME
216,age_82.0 <= 0.00,-0.675548135463117,1699916954412,LIME
216,age_95.0 <= 0.00,-0.6619791437840069,1699916954412,LIME
216,age_75.0 <= 0.00,-0.0005353646045904455,1699916954412,LIME
216,age_72.0 <= 0.00,0.000488548788634588,1699916954412,LIME
216,sex_0 <= 0.00,0.00023168236784534068,1699916954412,LIME
216,smoking_1 <= 0.00,-0.00020763156056327245,1699916954412,LIME
216,anaemia_1 <= 0.00,-0.00018661135444033753,1699916954412,LIME
52,age_80.0 <= 0.00,-0.73056139258436,1699916954412,LIME
52,age_59.0 <= 0.00,-0.7155889412170281,1699916954412,LIME
52,age_95.0 <= 0.00,-0.7143108732903949,1699916954412,LIME
52,age_82.0 <= 0.00,-0.7108538479470555,1699916954412,LIME
52,age_48.0 <= 0.00,-0.6471512967810295,1699916954412,LIME
52,anaemia_1 <= 0.00,-0.0006475171981234672,1699916954412,LIME
52,age_75.0 <= 0.00,-0.0005350555681334147,1699916954412,LIME
52,sex_0 <= 0.00,-0.00020917279601900118,1699916954412,LIME
52,age_72.0 <= 0.00,-0.00017399370490003236,1699916954412,LIME
52,smoking_1 <= 0.00,-4.758955534941782e-06,1699916954412,LIME
166,age_80.0 <= 0.00,-0.7269923251235839,1699916954412,LIME
166,age_82.0 <= 0.00,-0.7159162065010474,1699916954412,LIME
166,age_59.0 <= 0.00,-0.6954601451390339,1699916954412,LIME
166,age_48.0 <= 0.00,-0.6384150036375571,1699916954412,LIME
166,age_95.0 <= 0.00,-0.6362474007395406,1699916954412,LIME
166,age_75.0 <= 0.00,-0.001794502131147306,1699916954412,LIME
166,0.00 < smoking_1 <= 1.00,-0.0008669217329852517,1699916954412,LIME
166,0.00 < sex_0 <= 1.00,0.00047651936856839966,1699916954412,LIME
166,anaemia_1 <= 0.00,-0.00026975380931383694,1699916954412,LIME
166,age_72.0 <= 0.00,6.651171383353047e-05,1699916954412,LIME
30,age_80.0 <= 0.00,-0.7333513691620145,1699916954412,LIME
30,age_59.0 <= 0.00,-0.7084377719880284,1699916954412,LIME
30,age_82.0 <= 0.00,-0.7083830521098508,1699916954412,LIME
30,age_95.0 <= 0.00,-0.6799284245544184,1699916954412,LIME
30,age_48.0 <= 0.00,-0.665162062189302,1699916954412,LIME
30,smoking_1 <= 0.00,-0.0004487045034631739,1699916954412,LIME
30,anaemia_1 <= 0.00,-0.00041698658776027464,1699916954412,LIME
30,age_75.0 <= 0.00,-0.0003547664634380303,1699916954412,LIME
30,0.00 < sex_0 <= 1.00,-0.0002883672065734725,1699916954412,LIME
30,age_72.0 <= 0.00,0.00014719190494144995,1699916954412,LIME
150,age_80.0 <= 0.00,-0.7273289649524689,1699916954412,LIME
150,age_59.0 <= 0.00,-0.7253649552426905,1699916954412,LIME
150,age_82.0 <= 0.00,-0.6912536148873482,1699916954412,LIME
150,age_48.0 <= 0.00,-0.6821259930060093,1699916954412,LIME
150,age_95.0 <= 0.00,-0.6131082580043471,1699916954412,LIME
150,age_75.0 <= 0.00,-0.0004982236900500922,1699916954412,LIME
150,age_72.0 > 0.00,0.0004694659121437557,1699916954412,LIME
150,smoking_1 <= 0.00,0.0002908302868748758,1699916954412,LIME
150,anaemia_1 <= 0.00,-0.00022060946180003428,1699916954412,LIME
150,sex_0 <= 0.00,0.0001916909843036876,1699916954412,LIME
31,age_80.0 <= 0.00,-0.7237964765234698,1699916954412,LIME
31,age_82.0 <= 0.00,-0.7150933003771442,1699916954412,LIME
31,age_48.0 <= 0.00,-0.7076642367837944,1699916954412,LIME
31,age_95.0 <= 0.00,-0.6968373576171029,1699916954412,LIME
31,age_59.0 <= 0.00,-0.6952368184268694,1699916954412,LIME
31,age_75.0 <= 0.00,0.0021232130550408036,1699916954412,LIME
31,smoking_1 <= 0.00,0.001532860558737927,1699916954412,LIME
31,age_72.0 <= 0.00,-0.0009677443152878575,1699916954412,LIME
31,0.00 < sex_0 <= 1.00,-0.00017044994583985013,1699916954412,LIME
31,anaemia_1 <= 0.00,-9.592790290177069e-05,1699916954412,LIME
75,age_82.0 <= 0.00,-0.711464480484733,1699916954412,LIME
75,age_80.0 <= 0.00,-0.7027457403955795,1699916954412,LIME
75,age_59.0 <= 0.00,-0.6995432391560725,1699916954412,LIME
75,age_48.0 <= 0.00,-0.6798139239287491,1699916954412,LIME
75,age_95.0 <= 0.00,-0.6729196247145148,1699916954412,LIME
75,age_72.0 <= 0.00,0.0023334949876166636,1699916954412,LIME
75,age_75.0 <= 0.00,-0.0009725012731155707,1699916954412,LIME
75,0.00 < smoking_1 <= 1.00,-0.0008833455956638292,1699916954412,LIME
75,0.00 < sex_0 <= 1.00,0.0005359004836251314,1699916954412,LIME
75,0.00 < anaemia_1 <= 1.00,0.0004896726243527397,1699916954412,LIME
148,age_80.0 <= 0.00,-0.7285260324726417,1699916954412,LIME
148,age_82.0 <= 0.00,-0.7046457802795212,1699916954412,LIME
148,age_59.0 <= 0.00,-0.7033865376646947,1699916954412,LIME
148,age_95.0 <= 0.00,-0.7019479032185145,1699916954412,LIME
148,age_48.0 <= 0.00,-0.6791378521153061,1699916954412,LIME
148,0.00 < anaemia_1 <= 1.00,0.0008410816593286465,1699916954412,LIME
148,age_75.0 > 0.00,0.0005561973367493816,1699916954412,LIME
148,age_72.0 <= 0.00,-0.0005285771402060838,1699916954412,LIME
148,0.00 < sex_0 <= 1.00,0.00017023262204115153,1699916954412,LIME
148,smoking_1 <= 0.00,-8.756651900851471e-05,1699916954412,LIME
94,age_82.0 <= 0.00,-0.7175468911377697,1699916954412,LIME
94,age_80.0 <= 0.00,-0.7136612780867614,1699916954412,LIME
94,age_59.0 <= 0.00,-0.711546535900326,1699916954412,LIME
94,age_95.0 <= 0.00,-0.6810929745634557,1699916954412,LIME
94,age_48.0 <= 0.00,-0.5970931528054598,1699916954412,LIME
94,anaemia_1 <= 0.00,-0.0005828432773475171,1699916954412,LIME
94,sex_0 <= 0.00,-0.00044508161055670605,1699916954412,LIME
94,smoking_1 <= 0.00,0.00031828043882866486,1699916954412,LIME
94,age_72.0 <= 0.00,-0.00016907130264019125,1699916954412,LIME
94,age_75.0 <= 0.00,-7.105550417742594e-05,1699916954412,LIME
187,age_59.0 <= 0.00,-0.7284926585856862,1699916954412,LIME
187,age_80.0 <= 0.00,-0.7061772325604249,1699916954412,LIME
187,age_48.0 <= 0.00,-0.7053918102987902,1699916954412,LIME
187,age_82.0 <= 0.00,-0.6872517422276263,1699916954412,LIME
187,age_95.0 <= 0.00,-0.6325399089551811,1699916954412,LIME
187,age_75.0 <= 0.00,0.001610038597478105,1699916954412,LIME
187,smoking_1 <= 0.00,-0.000522783718002902,1699916954412,LIME
187,sex_0 <= 0.00,0.00022380080629165735,1699916954412,LIME
187,anaemia_1 <= 0.00,9.937442613107102e-05,1699916954412,LIME
187,age_72.0 <= 0.00,-3.689848132960391e-05,1699916954412,LIME
124,age_95.0 <= 0.00,-0.7074518976612826,1699916954412,LIME
124,age_80.0 <= 0.00,-0.7057938826505117,1699916954412,LIME
124,age_59.0 <= 0.00,-0.6998977179374215,1699916954412,LIME
124,age_48.0 <= 0.00,-0.6728214377014848,1699916954412,LIME
124,age_82.0 <= 0.00,-0.6709862350841868,1699916954412,LIME
124,age_75.0 <= 0.00,0.0022253425657215707,1699916954412,LIME
124,anaemia_1 <= 0.00,-0.0012575527206426713,1699916954412,LIME
124,age_72.0 <= 0.00,8.216043228306751e-05,1699916954412,LIME
124,smoking_1 <= 0.00,-5.365131539293556e-05,1699916954412,LIME
124,0.00 < sex_0 <= 1.00,3.5101006770946205e-05,1699916954412,LIME
82,age_80.0 <= 0.00,-0.7189497245474089,1699916954412,LIME
82,age_59.0 <= 0.00,-0.7134102669315668,1699916954412,LIME
82,age_82.0 <= 0.00,-0.6996504633682641,1699916954412,LIME
82,age_95.0 <= 0.00,-0.6759248700696424,1699916954412,LIME
82,age_48.0 <= 0.00,-0.674232855910675,1699916954412,LIME
82,age_72.0 <= 0.00,-0.0014477038055278886,1699916954412,LIME
82,sex_0 <= 0.00,-0.0008060277477674106,1699916954412,LIME
82,0.00 < anaemia_1 <= 1.00,0.0004868387958762378,1699916954412,LIME
82,age_75.0 <= 0.00,-0.0003797785081634179,1699916954412,LIME
82,smoking_1 <= 0.00,0.00011046719981338655,1699916954412,LIME
159,age_80.0 <= 0.00,-0.7052726390577679,1699916954412,LIME
159,age_82.0 <= 0.00,-0.6957690469389877,1699916954412,LIME
159,age_59.0 > 0.00,0.6912677127722539,1699916954412,LIME
159,age_48.0 <= 0.00,-0.6607472068588246,1699916954412,LIME
159,age_95.0 <= 0.00,-0.5315163392835959,1699916954412,LIME
159,0.00 < anaemia_1 <= 1.00,0.0018066827384805603,1699916954412,LIME
159,0.00 < smoking_1 <= 1.00,-0.0010324904040185186,1699916954412,LIME
159,0.00 < sex_0 <= 1.00,-0.0004222464186740928,1699916954412,LIME
159,age_72.0 <= 0.00,0.00033977132475103064,1699916954412,LIME
159,age_75.0 <= 0.00,-0.00020933533701606957,1699916954412,LIME
29,age_80.0 <= 0.00,-0.7293016487196924,1699916954412,LIME
29,age_82.0 > 0.00,0.7034834851614046,1699916954412,LIME
29,age_59.0 <= 0.00,-0.687334547869489,1699916954412,LIME
29,age_48.0 <= 0.00,-0.6315255919595024,1699916954412,LIME
29,age_95.0 <= 0.00,-0.6282194045492395,1699916954412,LIME
29,age_75.0 <= 0.00,-0.0012198062940921236,1699916954412,LIME
29,0.00 < smoking_1 <= 1.00,0.000991326081293373,1699916954412,LIME
29,0.00 < sex_0 <= 1.00,-0.0005710225054812814,1699916954412,LIME
29,anaemia_1 <= 0.00,-0.00048492079772247137,1699916954412,LIME
29,age_72.0 <= 0.00,-4.551544292398758e-05,1699916954412,LIME
137,age_80.0 <= 0.00,-0.7165905338597618,1699916954412,LIME
137,age_82.0 <= 0.00,-0.7062429694207689,1699916954412,LIME
137,age_59.0 <= 0.00,-0.6730397330069368,1699916954412,LIME
137,age_48.0 <= 0.00,-0.6584406592951016,1699916954412,LIME
137,age_95.0 <= 0.00,-0.5997739511809923,1699916954412,LIME
137,age_72.0 <= 0.00,-0.0018460356972436883,1699916954412,LIME
137,smoking_1 <= 0.00,0.0012026927573993646,1699916954412,LIME
137,age_75.0 <= 0.00,-0.0006801331701655857,1699916954412,LIME
137,0.00 < anaemia_1 <= 1.00,-0.0005800317854018921,1699916954412,LIME
137,0.00 < sex_0 <= 1.00,-0.00026530770400951556,1699916954412,LIME
151,age_80.0 <= 0.00,-0.7099065366690731,1699916954412,LIME
151,age_82.0 <= 0.00,-0.7037984361547817,1699916954412,LIME
151,age_59.0 <= 0.00,-0.6949732611037681,1699916954412,LIME
151,age_95.0 <= 0.00,-0.6684626267612823,1699916954412,LIME
151,age_48.0 <= 0.00,-0.5766135145765179,1699916954412,LIME
151,age_72.0 <= 0.00,-0.0019378157051690623,1699916954412,LIME
151,age_75.0 <= 0.00,-0.0009408352572174816,1699916954412,LIME
151,anaemia_1 <= 0.00,0.0007231169630349648,1699916954412,LIME
151,smoking_1 <= 0.00,0.000664850167291513,1699916954412,LIME
151,0.00 < sex_0 <= 1.00,7.467448455509312e-05,1699916954412,LIME
264,age_80.0 <= 0.00,-0.7095164696045858,1699916954412,LIME
264,age_82.0 <= 0.00,-0.6993320858784452,1699916954412,LIME
264,age_59.0 <= 0.00,-0.6982975300970636,1699916954412,LIME
264,age_48.0 <= 0.00,-0.6253587556510821,1699916954412,LIME
264,age_95.0 <= 0.00,-0.6209448067755434,1699916954412,LIME
264,age_75.0 <= 0.00,0.009561638228490767,1699916954412,LIME
264,0.00 < sex_0 <= 1.00,0.0012063159733094798,1699916954412,LIME
264,smoking_1 <= 0.00,-0.00089960051369935,1699916954412,LIME
264,age_72.0 <= 0.00,-0.0008959780945018067,1699916954412,LIME
264,anaemia_1 <= 0.00,0.0006304390980136867,1699916954412,LIME
80,age_80.0 <= 0.00,-0.7352269032662528,1699916954412,LIME
80,age_59.0 <= 0.00,-0.7239200475019049,1699916954412,LIME
80,age_82.0 <= 0.00,-0.697882171177833,1699916954412,LIME
80,age_48.0 <= 0.00,-0.6840636851403924,1699916954412,LIME
80,age_95.0 <= 0.00,-0.6785049094074355,1699916954412,LIME
80,age_72.0 <= 0.00,-0.0016126549050990608,1699916954412,LIME
80,sex_0 <= 0.00,-0.0005010055393155094,1699916954412,LIME
80,smoking_1 <= 0.00,0.00035520793793177404,1699916954412,LIME
80,anaemia_1 <= 0.00,0.00023082101882984678,1699916954412,LIME
80,age_75.0 <= 0.00,0.00016670019389265157,1699916954412,LIME
19,age_80.0 <= 0.00,-0.7176616298811052,1699916954412,LIME
19,age_59.0 <= 0.00,-0.6927272233656083,1699916954412,LIME
19,age_48.0 > 0.00,0.685437900966949,1699916954412,LIME
19,age_82.0 <= 0.00,-0.6730423244116717,1699916954412,LIME
19,age_95.0 <= 0.00,-0.6550059824388421,1699916954412,LIME
19,age_72.0 <= 0.00,0.0012252560865119292,1699916954412,LIME
19,0.00 < anaemia_1 <= 1.00,-0.0007135843058636524,1699916954412,LIME
19,age_75.0 <= 0.00,-0.0005170343242967276,1699916954412,LIME
19,sex_0 <= 0.00,0.0005074177535588761,1699916954412,LIME
19,smoking_1 <= 0.00,8.516167684836697e-05,1699916954412,LIME
265,age_59.0 <= 0.00,-0.7092087873554114,1699916954412,LIME
265,age_80.0 <= 0.00,-0.7079325046785302,1699916954412,LIME
265,age_95.0 <= 0.00,-0.6962454734145224,1699916954412,LIME
265,age_82.0 <= 0.00,-0.6904721977921133,1699916954412,LIME
265,age_48.0 <= 0.00,-0.6771929450799246,1699916954412,LIME
265,age_72.0 <= 0.00,-0.0018016225640310442,1699916954412,LIME
265,age_75.0 <= 0.00,0.0014518922341954206,1699916954412,LIME
265,0.00 < smoking_1 <= 1.00,0.0010512170983394099,1699916954412,LIME
265,0.00 < sex_0 <= 1.00,-0.0003896338968422114,1699916954412,LIME
265,0.00 < anaemia_1 <= 1.00,0.00025198345191738644,1699916954412,LIME
127,age_80.0 <= 0.00,-0.7063013121774371,1699916954412,LIME
127,age_48.0 <= 0.00,-0.7053779266533057,1699916954412,LIME
127,age_59.0 <= 0.00,-0.701420101396079,1699916954412,LIME
127,age_82.0 <= 0.00,-0.6643756073925037,1699916954412,LIME
127,age_95.0 <= 0.00,-0.5437768533591126,1699916954412,LIME
127,sex_0 <= 0.00,-0.001531336381104184,1699916954412,LIME
127,0.00 < anaemia_1 <= 1.00,0.001079331641778026,1699916954412,LIME
127,age_72.0 <= 0.00,0.0009860906155155374,1699916954412,LIME
127,smoking_1 <= 0.00,0.0009514208248673345,1699916954412,LIME
127,age_75.0 <= 0.00,0.00011109605622542698,1699916954412,LIME
184,age_80.0 <= 0.00,-0.7252695213944841,1699916954412,LIME
184,age_82.0 <= 0.00,-0.688571153677108,1699916954412,LIME
184,age_59.0 <= 0.00,-0.6854166523182924,1699916954412,LIME
184,age_48.0 <= 0.00,-0.6540049170931763,1699916954412,LIME
184,age_95.0 <= 0.00,-0.6086528908710628,1699916954412,LIME
184,age_75.0 <= 0.00,-0.0008312117465947341,1699916954412,LIME
184,0.00 < sex_0 <= 1.00,-0.0005438995030518818,1699916954412,LIME
184,age_72.0 <= 0.00,-0.0005258779046959696,1699916954412,LIME
184,0.00 < smoking_1 <= 1.00,0.00042489531418765517,1699916954412,LIME
184,0.00 < anaemia_1 <= 1.00,0.00027441841264829917,1699916954412,LIME
144,age_80.0 <= 0.00,-0.7220829939712784,1699916954412,LIME
144,age_82.0 <= 0.00,-0.7064847909099952,1699916954412,LIME
144,age_59.0 <= 0.00,-0.6989459755524813,1699916954412,LIME
144,age_48.0 <= 0.00,-0.6543631752372293,1699916954412,LIME
144,age_95.0 <= 0.00,-0.6127636724406033,1699916954412,LIME
144,age_75.0 <= 0.00,0.001680094512928458,1699916954412,LIME
144,0.00 < smoking_1 <= 1.00,0.000863012523618789,1699916954412,LIME
144,0.00 < sex_0 <= 1.00,0.0005218125934665306,1699916954412,LIME
144,age_72.0 > 0.00,0.000287523978084734,1699916954412,LIME
144,0.00 < anaemia_1 <= 1.00,0.0002454467330908603,1699916954412,LIME
295,age_59.0 <= 0.00,-0.7249358615506412,1699916954412,LIME
295,age_80.0 <= 0.00,-0.7149243293712083,1699916954412,LIME
295,age_48.0 <= 0.00,-0.6979518488960101,1699916954412,LIME
295,age_95.0 <= 0.00,-0.6968742077005718,1699916954412,LIME
295,age_82.0 <= 0.00,-0.6859814762199604,1699916954412,LIME
295,anaemia_1 <= 0.00,-0.0005060521173706748,1699916954412,LIME
295,smoking_1 <= 0.00,-0.0003851200482843702,1699916954412,LIME
295,age_72.0 <= 0.00,-0.0002942325305810422,1699916954412,LIME
295,age_75.0 <= 0.00,0.0002540261084531171,1699916954412,LIME
295,sex_0 <= 0.00,-4.9909630858876266e-05,1699916954412,LIME
22,age_80.0 <= 0.00,-0.7190882794688527,1699916954412,LIME
22,age_82.0 <= 0.00,-0.7058285986166389,1699916954412,LIME
22,age_48.0 <= 0.00,-0.6956334267739899,1699916954412,LIME
22,age_59.0 <= 0.00,-0.6956268035039603,1699916954412,LIME
22,age_95.0 <= 0.00,-0.6762679333719613,1699916954412,LIME
22,age_72.0 <= 0.00,0.005668530403776006,1699916954412,LIME
22,0.00 < anaemia_1 <= 1.00,0.0005888841220390328,1699916954412,LIME
22,0.00 < sex_0 <= 1.00,0.0003695996364810231,1699916954412,LIME
22,0.00 < smoking_1 <= 1.00,-0.0003391095620328631,1699916954412,LIME
22,age_75.0 <= 0.00,-3.207017918849601e-05,1699916954412,LIME
89,age_80.0 <= 0.00,-0.7107782531034375,1699916954412,LIME
89,age_82.0 <= 0.00,-0.7052787798102665,1699916954412,LIME
89,age_95.0 <= 0.00,-0.6959397731414998,1699916954412,LIME
89,age_48.0 <= 0.00,-0.688464953832299,1699916954412,LIME
89,age_59.0 <= 0.00,-0.6792826757097662,1699916954412,LIME
89,age_75.0 <= 0.00,0.002305274932879174,1699916954412,LIME
89,age_72.0 <= 0.00,-0.0012030961494223704,1699916954412,LIME
89,smoking_1 <= 0.00,-0.0006604665881630538,1699916954412,LIME
89,0.00 < anaemia_1 <= 1.00,-0.0002620779838198548,1699916954412,LIME
89,0.00 < sex_0 <= 1.00,9.784450161971158e-05,1699916954412,LIME
192,age_59.0 <= 0.00,-0.7365488134245867,1699916954412,LIME
192,age_80.0 <= 0.00,-0.7363592069192956,1699916954412,LIME
192,age_82.0 <= 0.00,-0.7236618456159022,1699916954412,LIME
192,age_48.0 <= 0.00,-0.6698526946703253,1699916954412,LIME
192,age_95.0 <= 0.00,-0.6658673247520228,1699916954412,LIME
192,age_72.0 <= 0.00,-0.0008448087027850098,1699916954412,LIME
192,smoking_1 <= 0.00,-0.00029689517319115774,1699916954412,LIME
192,0.00 < anaemia_1 <= 1.00,0.00011793541464730185,1699916954412,LIME
192,age_75.0 <= 0.00,-0.0001118553290094753,1699916954412,LIME
192,0.00 < sex_0 <= 1.00,7.537273534501224e-06,1699916954412,LIME
35,age_80.0 <= 0.00,-0.7258866812326268,1699916954412,LIME
35,age_48.0 <= 0.00,-0.718214270304832,1699916954412,LIME
35,age_59.0 <= 0.00,-0.7170016923745307,1699916954412,LIME
35,age_82.0 <= 0.00,-0.6949251853444254,1699916954412,LIME
35,age_95.0 <= 0.00,-0.6841222745725791,1699916954412,LIME
35,age_72.0 <= 0.00,-0.0009095177818127905,1699916954412,LIME
35,smoking_1 <= 0.00,-0.0008127935506292172,1699916954412,LIME
35,0.00 < sex_0 <= 1.00,-0.0007869325051334153,1699916954412,LIME
35,anaemia_1 <= 0.00,-0.0007705562791890918,1699916954412,LIME
35,age_75.0 <= 0.00,-0.00068473477771247,1699916954412,LIME
41,age_80.0 <= 0.00,-0.7265909187871125,1699916954412,LIME
41,age_95.0 <= 0.00,-0.7174058033726453,1699916954412,LIME
41,age_82.0 <= 0.00,-0.7094657025954308,1699916954412,LIME
41,age_59.0 <= 0.00,-0.7056841410862061,1699916954412,LIME
41,age_48.0 <= 0.00,-0.7032168962009367,1699916954412,LIME
41,age_75.0 <= 0.00,0.006206162231979211,1699916954412,LIME
41,anaemia_1 <= 0.00,-0.00018662790310533222,1699916954412,LIME
41,age_72.0 <= 0.00,0.00012014730507126733,1699916954412,LIME
41,sex_0 <= 0.00,7.161694704939148e-05,1699916954412,LIME
41,0.00 < smoking_1 <= 1.00,2.8815731658667183e-05,1699916954412,LIME
71,age_80.0 <= 0.00,-0.7188746522956263,1699916954412,LIME
71,age_59.0 <= 0.00,-0.7153033222856816,1699916954412,LIME
71,age_48.0 <= 0.00,-0.7136355071319345,1699916954412,LIME
71,age_82.0 <= 0.00,-0.7115695269985202,1699916954412,LIME
71,age_95.0 <= 0.00,-0.6828749942045673,1699916954412,LIME
71,age_75.0 <= 0.00,-0.0010436898149085365,1699916954412,LIME
71,0.00 < smoking_1 <= 1.00,-0.0005332236124147658,1699916954412,LIME
71,anaemia_1 <= 0.00,-0.000277853295872736,1699916954412,LIME
71,0.00 < sex_0 <= 1.00,0.00013362680553762884,1699916954412,LIME
71,age_72.0 <= 0.00,-2.515436595569284e-05,1699916954412,LIME
54,age_80.0 <= 0.00,-0.7029096694459969,1699916954412,LIME
54,age_59.0 <= 0.00,-0.6895815651558415,1699916954412,LIME
54,age_82.0 <= 0.00,-0.6815966066724682,1699916954412,LIME
54,age_95.0 <= 0.00,-0.6554013577909813,1699916954412,LIME
54,age_48.0 <= 0.00,-0.6546931389393429,1699916954412,LIME
54,age_72.0 <= 0.00,-0.001971920849086709,1699916954412,LIME
54,0.00 < smoking_1 <= 1.00,-0.0007810817108608359,1699916954412,LIME
54,sex_0 <= 0.00,0.0006324574321860814,1699916954412,LIME
54,age_75.0 <= 0.00,-0.0005400364024670796,1699916954412,LIME
54,0.00 < anaemia_1 <= 1.00,0.000517446212000837,1699916954412,LIME
138,age_80.0 <= 0.00,-0.7404805226899818,1699916954412,LIME
138,age_82.0 <= 0.00,-0.7175853937726285,1699916954412,LIME
138,age_59.0 <= 0.00,-0.717083154017821,1699916954412,LIME
138,age_48.0 <= 0.00,-0.711905934971372,1699916954412,LIME
138,age_95.0 <= 0.00,-0.7030627223031934,1699916954412,LIME
138,sex_0 <= 0.00,-0.0006788408687200114,1699916954412,LIME
138,smoking_1 <= 0.00,0.00030472659447102076,1699916954412,LIME
138,anaemia_1 <= 0.00,-0.0002783299722566441,1699916954412,LIME
138,age_75.0 <= 0.00,0.0001301525835036606,1699916954412,LIME
138,age_72.0 <= 0.00,-8.647181017468233e-05,1699916954412,LIME
42,age_80.0 <= 0.00,-0.7132647339889838,1699916954412,LIME
42,age_82.0 <= 0.00,-0.6965144857113276,1699916954412,LIME
42,age_48.0 <= 0.00,-0.6800529472779272,1699916954412,LIME
42,age_59.0 <= 0.00,-0.6721975679903932,1699916954412,LIME
42,age_95.0 <= 0.00,-0.6452148336939635,1699916954412,LIME
42,0.00 < smoking_1 <= 1.00,-0.0018668231333503632,1699916954412,LIME
42,age_72.0 <= 0.00,-0.0011134892834090305,1699916954412,LIME
42,age_75.0 <= 0.00,-0.0011084506079690486,1699916954412,LIME
42,0.00 < sex_0 <= 1.00,0.0008434387209001012,1699916954412,LIME
42,anaemia_1 <= 0.00,-0.0006746274793012139,1699916954412,LIME
95,age_80.0 <= 0.00,-0.722157911535942,1699916954412,LIME
95,age_48.0 <= 0.00,-0.7050564632320446,1699916954412,LIME
95,age_59.0 <= 0.00,-0.7034804793323173,1699916954412,LIME
95,age_82.0 <= 0.00,-0.6897584257089723,1699916954412,LIME
95,age_95.0 <= 0.00,-0.6869705295125434,1699916954412,LIME
95,0.00 < anaemia_1 <= 1.00,-0.0011894016645930864,1699916954412,LIME
95,age_72.0 <= 0.00,-0.0007933534508588547,1699916954412,LIME
95,0.00 < sex_0 <= 1.00,-0.0004564519537667117,1699916954412,LIME
95,age_75.0 <= 0.00,-0.0001607343803686903,1699916954412,LIME
95,smoking_1 <= 0.00,0.00016018285491751054,1699916954412,LIME
223,age_59.0 <= 0.00,-0.7073412983222754,1699916954412,LIME
223,age_82.0 <= 0.00,-0.7042614973329009,1699916954412,LIME
223,age_80.0 <= 0.00,-0.6988690374631377,1699916954412,LIME
223,age_48.0 <= 0.00,-0.6788332515727616,1699916954412,LIME
223,age_95.0 <= 0.00,-0.6210645976055367,1699916954412,LIME
223,age_72.0 <= 0.00,-0.00435427895897224,1699916954412,LIME
223,age_75.0 <= 0.00,-0.0031116266249674616,1699916954412,LIME
223,smoking_1 <= 0.00,-0.0012852951015694363,1699916954412,LIME
223,anaemia_1 <= 0.00,0.0008273924266961428,1699916954412,LIME
223,0.00 < sex_0 <= 1.00,-0.000744293971596142,1699916954412,LIME
287,age_80.0 <= 0.00,-0.7188943766003477,1699916954412,LIME
287,age_82.0 <= 0.00,-0.7125698950700033,1699916954412,LIME
287,age_59.0 <= 0.00,-0.6988037671562513,1699916954412,LIME
287,age_95.0 <= 0.00,-0.6622332198767601,1699916954412,LIME
287,age_48.0 <= 0.00,-0.6254270159010518,1699916954412,LIME
287,age_72.0 <= 0.00,-0.0013789156229104872,1699916954412,LIME
287,anaemia_1 <= 0.00,0.0005871030918710945,1699916954412,LIME
287,smoking_1 <= 0.00,0.0004192804592032307,1699916954412,LIME
287,age_75.0 <= 0.00,-0.00021944137210767168,1699916954412,LIME
287,sex_0 <= 0.00,7.567493670917436e-05,1699916954412,LIME
284,age_80.0 <= 0.00,-0.7226349313891124,1699916954412,LIME
284,age_59.0 <= 0.00,-0.7208028973128942,1699916954412,LIME
284,age_82.0 <= 0.00,-0.6930919291055455,1699916954412,LIME
284,age_95.0 <= 0.00,-0.6884033096531432,1699916954412,LIME
284,age_48.0 <= 0.00,-0.6664261497822812,1699916954412,LIME
284,age_72.0 <= 0.00,0.005432835372435184,1699916954412,LIME
284,smoking_1 <= 0.00,0.00031500238111230886,1699916954412,LIME
284,0.00 < anaemia_1 <= 1.00,0.00028247438309803025,1699916954412,LIME
284,0.00 < sex_0 <= 1.00,0.0001952546242055975,1699916954412,LIME
284,age_75.0 <= 0.00,0.00013481386497200514,1699916954412,LIME
72,age_80.0 <= 0.00,-0.7219416017504373,1699916954412,LIME
72,age_82.0 <= 0.00,-0.7204123606000364,1699916954412,LIME
72,age_48.0 <= 0.00,-0.7153225539714111,1699916954412,LIME
72,age_59.0 <= 0.00,-0.6895245702659893,1699916954412,LIME
72,age_95.0 <= 0.00,-0.670338607871034,1699916954412,LIME
72,age_75.0 <= 0.00,-0.001370056931001828,1699916954412,LIME
72,age_72.0 <= 0.00,0.00031881356536687965,1699916954412,LIME
72,0.00 < smoking_1 <= 1.00,0.0002773980810740463,1699916954412,LIME
72,anaemia_1 <= 0.00,-0.00011288852857248782,1699916954412,LIME
72,0.00 < sex_0 <= 1.00,-4.757325596326327e-06,1699916954412,LIME
232,age_80.0 <= 0.00,-0.7338843800747517,1699916954412,LIME
232,age_59.0 <= 0.00,-0.7247279682130855,1699916954412,LIME
232,age_82.0 <= 0.00,-0.6958804585179393,1699916954412,LIME
232,age_95.0 <= 0.00,-0.6918372721032336,1699916954412,LIME
232,age_48.0 <= 0.00,-0.6886832421543403,1699916954412,LIME
232,0.00 < sex_0 <= 1.00,-0.0007581900356674339,1699916954412,LIME
232,age_72.0 <= 0.00,-0.00032643719175104316,1699916954412,LIME
232,smoking_1 <= 0.00,-0.0001938983953063692,1699916954412,LIME
232,0.00 < anaemia_1 <= 1.00,-8.484840638267469e-05,1699916954412,LIME
232,age_75.0 <= 0.00,-4.650096132558788e-05,1699916954412,LIME
26,age_59.0 <= 0.00,-0.7257989641379902,1699916954412,LIME
26,age_80.0 <= 0.00,-0.7196921721825251,1699916954412,LIME
26,age_48.0 <= 0.00,-0.7119084754844918,1699916954412,LIME
26,age_82.0 <= 0.00,-0.6928887845895153,1699916954412,LIME
26,age_95.0 > 0.00,0.6497175887405667,1699916954412,LIME
26,age_72.0 <= 0.00,-0.001244483483993172,1699916954412,LIME
26,sex_0 <= 0.00,0.0006942796636372759,1699916954412,LIME
26,smoking_1 <= 0.00,-0.00034732017000613604,1699916954412,LIME
26,age_75.0 <= 0.00,-0.0003097087763147989,1699916954412,LIME
26,0.00 < anaemia_1 <= 1.00,0.00018384283433800768,1699916954412,LIME
197,age_59.0 <= 0.00,-0.734093374291227,1699916954412,LIME
197,age_80.0 <= 0.00,-0.7074308740890429,1699916954412,LIME
197,age_48.0 <= 0.00,-0.6886429242942483,1699916954412,LIME
197,age_82.0 <= 0.00,-0.6818682749301443,1699916954412,LIME
197,age_95.0 <= 0.00,-0.6705996566122384,1699916954412,LIME
197,age_75.0 <= 0.00,-0.001738737049080916,1699916954412,LIME
197,sex_0 <= 0.00,-0.001370042450233154,1699916954412,LIME
197,age_72.0 <= 0.00,-0.000221364375680777,1699916954412,LIME
197,smoking_1 <= 0.00,0.0002045572252021427,1699916954412,LIME
197,anaemia_1 <= 0.00,2.90617123943942e-05,1699916954412,LIME
247,age_80.0 <= 0.00,-0.721915853394787,1699916954412,LIME
247,age_59.0 <= 0.00,-0.7039299589617988,1699916954412,LIME
247,age_82.0 <= 0.00,-0.7028900761844319,1699916954412,LIME
247,age_48.0 <= 0.00,-0.6651194072525484,1699916954412,LIME
247,age_95.0 <= 0.00,-0.6579359587427097,1699916954412,LIME
247,age_75.0 <= 0.00,-0.0010664480247746385,1699916954412,LIME
247,0.00 < sex_0 <= 1.00,-0.0007362433690276827,1699916954412,LIME
247,age_72.0 <= 0.00,0.000560554118401771,1699916954412,LIME
247,anaemia_1 <= 0.00,-0.000418671631549914,1699916954412,LIME
247,smoking_1 <= 0.00,-2.300993564263231e-05,1699916954412,LIME
20,age_82.0 <= 0.00,-0.7158780173326919,1699916954412,LIME
20,age_80.0 <= 0.00,-0.7157214345739726,1699916954412,LIME
20,age_59.0 <= 0.00,-0.6972754967535257,1699916954412,LIME
20,age_95.0 <= 0.00,-0.6798542114762065,1699916954412,LIME
20,age_48.0 <= 0.00,-0.6385776707534145,1699916954412,LIME
20,0.00 < anaemia_1 <= 1.00,0.0005219768387947439,1699916954412,LIME
20,age_72.0 <= 0.00,0.0004741017276255756,1699916954412,LIME
20,smoking_1 <= 0.00,-0.00032430841783866947,1699916954412,LIME
20,age_75.0 <= 0.00,-0.00018303170185349763,1699916954412,LIME
20,sex_0 <= 0.00,0.00015734315691329863,1699916954412,LIME
280,age_80.0 <= 0.00,-0.735603226581909,1699916954412,LIME
280,age_59.0 <= 0.00,-0.734264307212482,1699916954412,LIME
280,age_82.0 <= 0.00,-0.7179969828061168,1699916954412,LIME
280,age_48.0 <= 0.00,-0.7113202160686891,1699916954412,LIME
280,age_95.0 <= 0.00,-0.6883825233449381,1699916954412,LIME
280,age_72.0 <= 0.00,-0.0006530926890322249,1699916954412,LIME
280,smoking_1 <= 0.00,-0.0005281161909221358,1699916954412,LIME
280,anaemia_1 <= 0.00,-0.00043702993453868165,1699916954412,LIME
280,age_75.0 <= 0.00,9.317849536335478e-05,1699916954412,LIME
280,0.00 < sex_0 <= 1.00,-6.998844144624118e-05,1699916954412,LIME
288,age_80.0 <= 0.00,-0.7315577665080762,1699916954412,LIME
288,age_82.0 <= 0.00,-0.7285376261033175,1699916954412,LIME
288,age_59.0 <= 0.00,-0.7044107054038219,1699916954412,LIME
288,age_48.0 <= 0.00,-0.6460397749014779,1699916954412,LIME
288,age_95.0 <= 0.00,-0.6253941964784036,1699916954412,LIME
288,age_75.0 <= 0.00,-0.001774001419171852,1699916954412,LIME
288,sex_0 <= 0.00,0.0007102887717839844,1699916954412,LIME
288,anaemia_1 <= 0.00,0.000445483582022234,1699916954412,LIME
288,age_72.0 <= 0.00,0.00038305162891371085,1699916954412,LIME
288,smoking_1 <= 0.00,-0.0003156133065607299,1699916954412,LIME
81,age_59.0 <= 0.00,-0.7155580270898679,1699916954412,LIME
81,age_82.0 <= 0.00,-0.7010113449105048,1699916954412,LIME
81,age_80.0 <= 0.00,-0.6998040644045141,1699916954412,LIME
81,age_48.0 <= 0.00,-0.692645752235496,1699916954412,LIME
81,age_95.0 <= 0.00,-0.6596632682009261,1699916954412,LIME
81,age_75.0 <= 0.00,-0.0007784713589399386,1699916954412,LIME
81,0.00 < sex_0 <= 1.00,0.0007532001687428533,1699916954412,LIME
81,age_72.0 <= 0.00,-0.0007068760618184954,1699916954412,LIME
81,0.00 < smoking_1 <= 1.00,0.00023326321895522883,1699916954412,LIME
81,anaemia_1 <= 0.00,2.2106076391784098e-05,1699916954412,LIME
185,age_59.0 <= 0.00,-0.7226681734969803,1699916954412,LIME
185,age_80.0 <= 0.00,-0.7105206311686508,1699916954412,LIME
185,age_82.0 <= 0.00,-0.7095434181003966,1699916954412,LIME
185,age_95.0 <= 0.00,-0.7031419412800854,1699916954412,LIME
185,age_48.0 <= 0.00,-0.6479899811945626,1699916954412,LIME
185,age_75.0 <= 0.00,-0.0024954184042677175,1699916954412,LIME
185,smoking_1 <= 0.00,0.0008108441814166175,1699916954412,LIME
185,age_72.0 <= 0.00,-0.0006824947463852962,1699916954412,LIME
185,0.00 < sex_0 <= 1.00,0.0005559725983453773,1699916954412,LIME
185,0.00 < anaemia_1 <= 1.00,0.00024240594283349786,1699916954412,LIME
190,age_80.0 > 0.00,0.73110821611021,1699916954412,LIME
190,age_95.0 <= 0.00,-0.6854515866439308,1699916954412,LIME
190,age_82.0 <= 0.00,-0.6839135038007064,1699916954412,LIME
190,age_48.0 <= 0.00,-0.6722733395493045,1699916954412,LIME
190,age_59.0 <= 0.00,-0.668621065643904,1699916954412,LIME
190,smoking_1 <= 0.00,0.0016692721535638032,1699916954412,LIME
190,age_75.0 <= 0.00,-0.001133613264624999,1699916954412,LIME
190,age_72.0 <= 0.00,0.00093593991678464,1699916954412,LIME
190,0.00 < sex_0 <= 1.00,-0.0004397604596531363,1699916954412,LIME
190,anaemia_1 <= 0.00,2.3223338615371868e-05,1699916954412,LIME
24,age_80.0 <= 0.00,-0.7023850676511755,1699916954412,LIME
24,age_59.0 <= 0.00,-0.7019827115855772,1699916954412,LIME
24,age_48.0 <= 0.00,-0.6929289771543584,1699916954412,LIME
24,age_82.0 <= 0.00,-0.6893766936769327,1699916954412,LIME
24,age_95.0 <= 0.00,-0.5385434675545603,1699916954412,LIME
24,smoking_1 <= 0.00,-0.0012654835355461799,1699916954412,LIME
24,age_72.0 <= 0.00,0.0009520256448697331,1699916954412,LIME
24,sex_0 <= 0.00,-0.0006201129393673607,1699916954412,LIME
24,age_75.0 > 0.00,0.00042814436228652834,1699916954412,LIME
24,anaemia_1 <= 0.00,0.0003895732885010007,1699916954412,LIME
236,age_80.0 <= 0.00,-0.7129749842841854,1699916954412,LIME
236,age_95.0 <= 0.00,-0.7095461412830817,1699916954412,LIME
236,age_59.0 <= 0.00,-0.696636821178171,1699916954412,LIME
236,age_82.0 <= 0.00,-0.6958835012851888,1699916954412,LIME
236,age_48.0 <= 0.00,-0.6372310352170014,1699916954412,LIME
236,anaemia_1 <= 0.00,-0.001326772729002925,1699916954412,LIME
236,age_72.0 <= 0.00,-0.0009305236518690522,1699916954412,LIME
236,age_75.0 > 0.00,0.00026124560123283886,1699916954412,LIME
236,0.00 < sex_0 <= 1.00,0.00017022065703579077,1699916954412,LIME
236,smoking_1 <= 0.00,-0.0001554298960610639,1699916954412,LIME
102,age_80.0 > 0.00,0.7292801929313935,1699916954412,LIME
102,age_82.0 <= 0.00,-0.7230579879930042,1699916954412,LIME
102,age_59.0 <= 0.00,-0.7208733919077246,1699916954412,LIME
102,age_48.0 <= 0.00,-0.6464235727683086,1699916954412,LIME
102,age_95.0 <= 0.00,-0.6083028013860248,1699916954412,LIME
102,age_75.0 <= 0.00,-0.0010534579684125293,1699916954412,LIME
102,0.00 < sex_0 <= 1.00,0.0005951909580291498,1699916954412,LIME
102,0.00 < smoking_1 <= 1.00,-0.00037539019746141183,1699916954412,LIME
102,anaemia_1 <= 0.00,0.00022890536646566335,1699916954412,LIME
102,age_72.0 <= 0.00,-0.00019869515306863232,1699916954412,LIME
196,age_80.0 <= 0.00,-0.7338136405471536,1699916954412,LIME
196,age_59.0 <= 0.00,-0.722178224704451,1699916954412,LIME
196,age_82.0 <= 0.00,-0.7018437526764796,1699916954412,LIME
196,age_48.0 <= 0.00,-0.6945595593296259,1699916954412,LIME
196,age_95.0 <= 0.00,-0.690395265298347,1699916954412,LIME
196,age_72.0 <= 0.00,-0.0007679030932414858,1699916954412,LIME
196,age_75.0 <= 0.00,-0.00045310223393267324,1699916954412,LIME
196,smoking_1 <= 0.00,-0.00020871855061988567,1699916954412,LIME
196,sex_0 <= 0.00,-6.459064513726046e-05,1699916954412,LIME
196,anaemia_1 <= 0.00,4.6242348786900426e-05,1699916954412,LIME
53,age_80.0 <= 0.00,-0.7354714823048415,1699916954412,LIME
53,age_59.0 <= 0.00,-0.7281251541308321,1699916954412,LIME
53,age_82.0 <= 0.00,-0.7187208682802837,1699916954412,LIME
53,age_95.0 <= 0.00,-0.7133289154844615,1699916954412,LIME
53,age_48.0 <= 0.00,-0.6690736580061167,1699916954412,LIME
53,age_72.0 <= 0.00,-0.0009024921069736775,1699916954412,LIME
53,0.00 < anaemia_1 <= 1.00,0.0005138380811207983,1699916954412,LIME
53,age_75.0 <= 0.00,-0.0004401924695604667,1699916954412,LIME
53,sex_0 <= 0.00,-0.000355313838269382,1699916954412,LIME
53,smoking_1 <= 0.00,-0.00032342666768711456,1699916954412,LIME
105,age_80.0 <= 0.00,-0.7177883874639425,1699916954412,LIME
105,age_95.0 <= 0.00,-0.7144697882804483,1699916954412,LIME
105,age_59.0 <= 0.00,-0.7078496633458552,1699916954412,LIME
105,age_48.0 <= 0.00,-0.6713195563275389,1699916954412,LIME
105,age_82.0 <= 0.00,-0.663746551535012,1699916954412,LIME
105,sex_0 <= 0.00,0.0010120545253220928,1699916954412,LIME
105,age_75.0 <= 0.00,-0.0009869579868501668,1699916954412,LIME
105,age_72.0 > 0.00,-0.0005355990370534427,1699916954412,LIME
105,0.00 < smoking_1 <= 1.00,0.00045748224430839095,1699916954412,LIME
105,0.00 < anaemia_1 <= 1.00,-0.000421033866031736,1699916954412,LIME
136,age_59.0 <= 0.00,-0.7146287130871569,1699916954412,LIME
136,age_80.0 <= 0.00,-0.7114083315025367,1699916954412,LIME
136,age_82.0 <= 0.00,-0.7110045136483152,1699916954412,LIME
136,age_48.0 <= 0.00,-0.6971600308447522,1699916954412,LIME
136,age_95.0 <= 0.00,-0.6795278318819623,1699916954412,LIME
136,age_75.0 <= 0.00,-0.001788883664143284,1699916954412,LIME
136,smoking_1 <= 0.00,0.0007656570203998098,1699916954412,LIME
136,sex_0 <= 0.00,0.0006196834189636457,1699916954412,LIME
136,age_72.0 <= 0.00,-0.0004909682016003818,1699916954412,LIME
136,0.00 < anaemia_1 <= 1.00,0.00037834622636776123,1699916954412,LIME
220,age_59.0 <= 0.00,-0.7371221687724636,1699916954412,LIME
220,age_80.0 <= 0.00,-0.7185590147561214,1699916954412,LIME
220,age_48.0 <= 0.00,-0.7034890931283231,1699916954412,LIME
220,age_95.0 <= 0.00,-0.6951919022558195,1699916954412,LIME
220,age_82.0 <= 0.00,-0.6482423118878518,1699916954412,LIME
220,age_72.0 <= 0.00,0.004930122611076053,1699916954412,LIME
220,age_75.0 <= 0.00,0.002036106559142995,1699916954412,LIME
220,0.00 < sex_0 <= 1.00,0.0004321467174743892,1699916954412,LIME
220,anaemia_1 <= 0.00,-9.302395302932396e-05,1699916954412,LIME
220,smoking_1 <= 0.00,-6.359956407061323e-05,1699916954412,LIME
269,age_80.0 <= 0.00,-0.7208917002961537,1699916954412,LIME
269,age_95.0 <= 0.00,-0.715642856143137,1699916954412,LIME
269,age_59.0 <= 0.00,-0.7014592502257229,1699916954412,LIME
269,age_82.0 <= 0.00,-0.6940504268006948,1699916954412,LIME
269,age_48.0 <= 0.00,-0.6829047638977837,1699916954412,LIME
269,age_75.0 <= 0.00,-0.001665025414338069,1699916954412,LIME
269,anaemia_1 <= 0.00,-0.0009572460481197139,1699916954412,LIME
269,0.00 < sex_0 <= 1.00,-0.0008479396263130788,1699916954412,LIME
269,age_72.0 <= 0.00,0.000624543632370069,1699916954412,LIME
269,smoking_1 <= 0.00,0.0003439842356227369,1699916954412,LIME
61,age_80.0 <= 0.00,-0.73523916913008,1699916954412,LIME
61,age_59.0 <= 0.00,-0.7238152560237141,1699916954412,LIME
61,age_82.0 <= 0.00,-0.7132134055393532,1699916954412,LIME
61,age_95.0 <= 0.00,-0.7124486786455665,1699916954412,LIME
61,age_48.0 <= 0.00,-0.6463864258597573,1699916954412,LIME
61,sex_0 <= 0.00,0.00042058408345944606,1699916954412,LIME
61,age_72.0 <= 0.00,-0.00034678305878039584,1699916954412,LIME
61,anaemia_1 <= 0.00,0.0003358065200165351,1699916954412,LIME
61,smoking_1 <= 0.00,0.00031334521890858004,1699916954412,LIME
61,age_75.0 <= 0.00,-1.381286691038634e-05,1699916954412,LIME
233,age_80.0 <= 0.00,-0.7084634249732945,1699916954412,LIME
233,age_59.0 <= 0.00,-0.6905329912361426,1699916954412,LIME
233,age_82.0 <= 0.00,-0.6895196179565415,1699916954412,LIME
233,age_48.0 <= 0.00,-0.6868897654532539,1699916954412,LIME
233,age_95.0 <= 0.00,-0.6609117116002688,1699916954412,LIME
233,age_75.0 <= 0.00,0.003374311881823445,1699916954412,LIME
233,age_72.0 <= 0.00,-0.0015886168053326453,1699916954412,LIME
233,0.00 < sex_0 <= 1.00,0.0008615151039647775,1699916954412,LIME
233,0.00 < anaemia_1 <= 1.00,0.0007035328269489542,1699916954412,LIME
233,0.00 < smoking_1 <= 1.00,0.0005915761384025956,1699916954412,LIME
36,age_59.0 <= 0.00,-0.7359771382061172,1699916954412,LIME
36,age_80.0 <= 0.00,-0.7319841046621396,1699916954412,LIME
36,age_82.0 <= 0.00,-0.729824345233696,1699916954412,LIME
36,age_48.0 <= 0.00,-0.6883883769575239,1699916954412,LIME
36,age_95.0 <= 0.00,-0.6873349085383298,1699916954412,LIME
36,0.00 < anaemia_1 <= 1.00,0.0006726591222445437,1699916954412,LIME
36,0.00 < sex_0 <= 1.00,-0.0005679749953208168,1699916954412,LIME
36,age_72.0 <= 0.00,0.000430780031013775,1699916954412,LIME
36,age_75.0 <= 0.00,-0.0004000203508077078,1699916954412,LIME
36,smoking_1 <= 0.00,-0.0003655653892813156,1699916954412,LIME
143,age_80.0 <= 0.00,-0.7198900146510535,1699916954412,LIME
143,age_95.0 <= 0.00,-0.7154600219193618,1699916954412,LIME
143,age_48.0 <= 0.00,-0.7145668528052076,1699916954412,LIME
143,age_59.0 <= 0.00,-0.7025883482278332,1699916954412,LIME
143,age_82.0 <= 0.00,-0.6655707310946933,1699916954412,LIME
143,age_72.0 <= 0.00,-0.002119683772280763,1699916954412,LIME
143,age_75.0 <= 0.00,-0.0009082236217162603,1699916954412,LIME
143,0.00 < anaemia_1 <= 1.00,0.00061972112655324,1699916954412,LIME
143,sex_0 <= 0.00,0.00048080863425111,1699916954412,LIME
143,smoking_1 <= 0.00,-0.00028280878443690997,1699916954412,LIME
21,age_82.0 <= 0.00,-0.7276328094602011,1699916954412,LIME
21,age_80.0 <= 0.00,-0.7264491993673348,1699916954412,LIME
21,age_95.0 <= 0.00,-0.708478335155717,1699916954412,LIME
21,age_59.0 <= 0.00,-0.7056279689467011,1699916954412,LIME
21,age_48.0 <= 0.00,-0.6731381553408862,1699916954412,LIME
21,age_75.0 <= 0.00,0.0032965961511724146,1699916954412,LIME
21,age_72.0 <= 0.00,-0.0015644944256459395,1699916954412,LIME
21,sex_0 <= 0.00,0.0006345700301932212,1699916954412,LIME
21,smoking_1 <= 0.00,-0.000401080799031039,1699916954412,LIME
21,0.00 < anaemia_1 <= 1.00,0.000348456887469722,1699916954412,LIME
259,age_80.0 <= 0.00,-0.7337263442201227,1699916954412,LIME
259,age_59.0 <= 0.00,-0.7272381836310194,1699916954412,LIME
259,age_82.0 <= 0.00,-0.7267232220803963,1699916954412,LIME
259,age_48.0 <= 0.00,-0.6836720935742393,1699916954412,LIME
259,age_95.0 <= 0.00,-0.6492494690980581,1699916954412,LIME
259,age_72.0 <= 0.00,-0.0020944569982588764,1699916954412,LIME
259,anaemia_1 <= 0.00,0.0005752209708922349,1699916954412,LIME
259,age_75.0 <= 0.00,-0.00019254197892260762,1699916954412,LIME
259,0.00 < sex_0 <= 1.00,4.4450763914462865e-05,1699916954412,LIME
259,0.00 < smoking_1 <= 1.00,4.00713009143924e-06,1699916954412,LIME
155,age_82.0 <= 0.00,-0.7168089153346584,1699916954412,LIME
155,age_59.0 <= 0.00,-0.7125955948145755,1699916954412,LIME
155,age_80.0 <= 0.00,-0.7045840987045091,1699916954412,LIME
155,age_48.0 <= 0.00,-0.6964229751082905,1699916954412,LIME
155,age_95.0 <= 0.00,-0.61491295185911,1699916954412,LIME
155,age_72.0 <= 0.00,-0.003201180107162454,1699916954412,LIME
155,age_75.0 <= 0.00,0.0019298007739167208,1699916954412,LIME
155,0.00 < sex_0 <= 1.00,0.0008597702754466576,1699916954412,LIME
155,0.00 < anaemia_1 <= 1.00,0.0007504179864241812,1699916954412,LIME
155,smoking_1 <= 0.00,0.000670458274911866,1699916954412,LIME
