index,class,PredictionProbabilities,tool,run_id
202,0,0.75,LIME,1699916954412
202,1,0.25,LIME,1699916954412
114,0,0.75,LIME,1699916954412
114,1,0.25,LIME,1699916954412
164,0,0.75,LIME,1699916954412
164,1,0.25,LIME,1699916954412
277,0,0.75,LIME,1699916954412
277,1,0.25,LIME,1699916954412
292,0,0.75,LIME,1699916954412
292,1,0.25,LIME,1699916954412
266,0,0.75,LIME,1699916954412
266,1,0.25,LIME,1699916954412
11,0,0.75,LIME,1699916954412
11,1,0.25,LIME,1699916954412
171,0,0.75,LIME,1699916954412
171,1,0.25,LIME,1699916954412
238,0,0.75,LIME,1699916954412
238,1,0.25,LIME,1699916954412
263,0,0.75,LIME,1699916954412
263,1,0.25,LIME,1699916954412
210,0,0.75,LIME,1699916954412
210,1,0.25,LIME,1699916954412
216,0,0.75,LIME,1699916954412
216,1,0.25,LIME,1699916954412
52,0,0.75,LIME,1699916954412
52,1,0.25,LIME,1699916954412
166,0,0.75,LIME,1699916954412
166,1,0.25,LIME,1699916954412
30,0,0.75,LIME,1699916954412
30,1,0.25,LIME,1699916954412
150,0,0.75,LIME,1699916954412
150,1,0.25,LIME,1699916954412
31,0,0.75,LIME,1699916954412
31,1,0.25,LIME,1699916954412
75,0,0.75,LIME,1699916954412
75,1,0.25,LIME,1699916954412
148,0,0.75,LIME,1699916954412
148,1,0.25,LIME,1699916954412
94,0,0.75,LIME,1699916954412
94,1,0.25,LIME,1699916954412
187,0,0.75,LIME,1699916954412
187,1,0.25,LIME,1699916954412
124,0,0.75,LIME,1699916954412
124,1,0.25,LIME,1699916954412
82,0,0.75,LIME,1699916954412
82,1,0.25,LIME,1699916954412
159,0,0.0,LIME,1699916954412
159,1,1.0,LIME,1699916954412
29,0,0.0,LIME,1699916954412
29,1,1.0,LIME,1699916954412
137,0,0.75,LIME,1699916954412
137,1,0.25,LIME,1699916954412
151,0,0.75,LIME,1699916954412
151,1,0.25,LIME,1699916954412
264,0,0.75,LIME,1699916954412
264,1,0.25,LIME,1699916954412
80,0,0.75,LIME,1699916954412
80,1,0.25,LIME,1699916954412
19,0,0.0,LIME,1699916954412
19,1,1.0,LIME,1699916954412
265,0,0.75,LIME,1699916954412
265,1,0.25,LIME,1699916954412
127,0,0.75,LIME,1699916954412
127,1,0.25,LIME,1699916954412
184,0,0.75,LIME,1699916954412
184,1,0.25,LIME,1699916954412
144,0,0.75,LIME,1699916954412
144,1,0.25,LIME,1699916954412
295,0,0.75,LIME,1699916954412
295,1,0.25,LIME,1699916954412
22,0,0.75,LIME,1699916954412
22,1,0.25,LIME,1699916954412
89,0,0.75,LIME,1699916954412
89,1,0.25,LIME,1699916954412
192,0,0.75,LIME,1699916954412
192,1,0.25,LIME,1699916954412
35,0,0.75,LIME,1699916954412
35,1,0.25,LIME,1699916954412
41,0,0.75,LIME,1699916954412
41,1,0.25,LIME,1699916954412
71,0,0.75,LIME,1699916954412
71,1,0.25,LIME,1699916954412
54,0,0.75,LIME,1699916954412
54,1,0.25,LIME,1699916954412
138,0,0.75,LIME,1699916954412
138,1,0.25,LIME,1699916954412
42,0,0.75,LIME,1699916954412
42,1,0.25,LIME,1699916954412
95,0,0.75,LIME,1699916954412
95,1,0.25,LIME,1699916954412
223,0,0.75,LIME,1699916954412
223,1,0.25,LIME,1699916954412
287,0,0.75,LIME,1699916954412
287,1,0.25,LIME,1699916954412
284,0,0.75,LIME,1699916954412
284,1,0.25,LIME,1699916954412
72,0,0.75,LIME,1699916954412
72,1,0.25,LIME,1699916954412
232,0,0.75,LIME,1699916954412
232,1,0.25,LIME,1699916954412
26,0,0.0,LIME,1699916954412
26,1,1.0,LIME,1699916954412
197,0,0.75,LIME,1699916954412
197,1,0.25,LIME,1699916954412
247,0,0.75,LIME,1699916954412
247,1,0.25,LIME,1699916954412
20,0,0.75,LIME,1699916954412
20,1,0.25,LIME,1699916954412
280,0,0.75,LIME,1699916954412
280,1,0.25,LIME,1699916954412
288,0,0.75,LIME,1699916954412
288,1,0.25,LIME,1699916954412
81,0,0.75,LIME,1699916954412
81,1,0.25,LIME,1699916954412
185,0,0.75,LIME,1699916954412
185,1,0.25,LIME,1699916954412
190,0,0.0,LIME,1699916954412
190,1,1.0,LIME,1699916954412
24,0,0.75,LIME,1699916954412
24,1,0.25,LIME,1699916954412
236,0,0.75,LIME,1699916954412
236,1,0.25,LIME,1699916954412
102,0,0.0,LIME,1699916954412
102,1,1.0,LIME,1699916954412
196,0,0.75,LIME,1699916954412
196,1,0.25,LIME,1699916954412
53,0,0.75,LIME,1699916954412
53,1,0.25,LIME,1699916954412
105,0,0.75,LIME,1699916954412
105,1,0.25,LIME,1699916954412
136,0,0.75,LIME,1699916954412
136,1,0.25,LIME,1699916954412
220,0,0.75,LIME,1699916954412
220,1,0.25,LIME,1699916954412
269,0,0.75,LIME,1699916954412
269,1,0.25,LIME,1699916954412
61,0,0.75,LIME,1699916954412
61,1,0.25,LIME,1699916954412
233,0,0.75,LIME,1699916954412
233,1,0.25,LIME,1699916954412
36,0,0.75,LIME,1699916954412
36,1,0.25,LIME,1699916954412
143,0,0.75,LIME,1699916954412
143,1,0.25,LIME,1699916954412
21,0,0.75,LIME,1699916954412
21,1,0.25,LIME,1699916954412
259,0,0.75,LIME,1699916954412
259,1,0.25,LIME,1699916954412
155,0,0.75,LIME,1699916954412
155,1,0.25,LIME,1699916954412
